{
  "generator-jhipster": {
    "applicationIndex": 0,
    "applicationType": "microservice",
    "authenticationType": "oauth2",
    "baseName": "deploygo",
    "blueprint": ["gomicro"],
    "blueprints": [
      {
        "name": "generator-jhipster-gomicro",
        "version": "0.0.0"
      }
    ],
    "buildTool": "maven",
    "cacheProvider": "hazelcast",
    "clientFramework": "no",
    "communicationsList": [],
    "creationTimestamp": 1703748309008,
    "databaseType": "no",
    "dtoSuffix": "DTO",
    "enableGradleEnterprise": false,
    "enableHibernateCache": true,
    "enableSwaggerCodegen": false,
    "enableTranslation": true,
    "entities": [],
    "entitySuffix": "",
    "gradleEnterpriseHost": "",
    "jhiPrefix": "jhi",
    "jhipsterVersion": "7.10.0",
    "languages": ["en"],
    "logManagementType": "no",
    "messageBroker": "no",
    "monorepository": true,
    "nativeLanguage": "en",
    "packageFolder": "com/go",
    "packageName": "com.go",
    "pages": [],
    "prodDatabaseType": "no",
    "reactive": false,
    "searchEngine": "no",
    "serverPort": "9454",
    "serviceDiscoveryType": "no",
    "skipCheckLengthOfIdentifier": false,
    "skipClient": true,
    "skipCommitHook": true,
    "skipFakeData": false,
    "skipJhipsterDependencies": true,
    "skipUserManagement": true,
    "testFrameworks": [],
    "websocket": "no",
    "withAdminUi": false,
    "withExample": false
  }
}
